<?xml version="1.0"?>
<config xmlns:xsi="http://www.w3.org/2001/XMLSchema-instance" xsi:noNamespaceSchemaLocation="urn:magento:module:Magento_Config:etc/system_file.xsd">
    <system>
        <tab id="oca" translate="label" sortOrder="1">
            <label>OCA</label>
        </tab>
        <section id="dimension" translate="label" type="text" sortOrder="1010" showInDefault="1" showInWebsite="1" showInStore="0">
            <class>separator-top</class>
            <label>Dimension</label>
            <tab>oca</tab>
            <resource>Oca_TrackEPak::dimension</resource>
            <group id="product" translate="label" type="text" sortOrder="10" showInDefault="1" showInWebsite="1" showInStore="0">
                <label>Default dimension for Product</label>
                <field id="width" translate="label" type="text" sortOrder="10" showInDefault="1" showInWebsite="1" showInStore="0" canRestore="1">
                    <label>Width (meter)</label>
                    <validate>required-entry validate-number validate-zero-or-greater</validate>
                </field>
                <field id="height" translate="label" type="text" sortOrder="20" showInDefault="1" showInWebsite="1" showInStore="0" canRestore="1">
                    <label>Height (meter)</label>
                    <validate>required-entry validate-number validate-zero-or-greater</validate>
                </field>
                <field id="length" translate="label" type="text" sortOrder="30" showInDefault="1" showInWebsite="1" showInStore="0" canRestore="1">
                    <label>Length (meter)</label>
                    <validate>required-entry validate-number validate-zero-or-greater</validate>
                </field>
            </group>
        </section>
        <section id="carriers" translate="label" type="text" sortOrder="320" showInDefault="1" showInWebsite="1" showInStore="1">
            <group id="ocashipping" translate="label" type="text" sortOrder="900" showInDefault="1" showInWebsite="1" showInStore="1">
                <label>Módulo de Envíos OCA</label>
                <field id="active" translate="label,comment" type="select" sortOrder="10" showInDefault="1" showInWebsite="1" showInStore="0" canRestore="1">
                    <label>Habilitado</label>
                    <comment>El módulo calculará el costo basado en las dimensiones de tus productos (alto, ancho, largo y peso). Si dicha información no esta cargada se usarán valores por defecto que podrían resultar en costos diferentes a los reales.</comment>
                    <source_model>Magento\Config\Model\Config\Source\Yesno</source_model>
                </field>
                <field id="title" translate="label" type="text" sortOrder="50" showInDefault="1" showInWebsite="1" showInStore="0">
                    <label>Título</label>
                </field>
                <field id="name" translate="label" type="text" sortOrder="100" showInDefault="1" showInWebsite="1" showInStore="0">
                    <label>Título en la Tienda</label>
                </field>
                <field id="shipping_cost" translate="label" type="text" sortOrder="150" showInDefault="1" showInWebsite="1" showInStore="0" >
                    <label>Costo de Envío</label>
                    <validate>validate-number validate-zero-or-greater</validate>
                </field>
                <field id="type" translate="label" type="select" sortOrder="200" showInDefault="1" showInWebsite="1" showInStore="0" canRestore="1">
                    <label>Tipo</label>
                    <source_model>Oca\TrackEPak\Model\Config\Source\Flatrate</source_model>
                </field>
                <field id="handling_type" translate="label" type="select" sortOrder="250" showInDefault="1" showInWebsite="1" showInStore="0" canRestore="1">
                    <label>Calculate Handling Fee</label>
                    <source_model>Magento\Shipping\Model\Source\HandlingType</source_model>
                </field>
                <field id="is_using_flat_rate" translate="label" type="select" sortOrder="300" showInDefault="1" showInWebsite="1" showInStore="0">
                    <label>Use flat rate instead of calculate from API</label>
                    <source_model>Magento\Config\Model\Config\Source\Yesno</source_model>
                </field>
                <field id="isallowspecific" translate="label" type="select" sortOrder="350" showInDefault="1" showInWebsite="1" showInStore="0" canRestore="1">
                    <label>Ship to Applicable Countries</label>
                    <frontend_class>shipping-applicable-country</frontend_class>
                    <source_model>Magento\Shipping\Model\Config\Source\Allspecificcountries</source_model>
                </field>
                <field id="specificcountry" translate="label" type="multiselect" sortOrder="400" showInDefault="1" showInWebsite="1" showInStore="0">
                    <label>Ship to Specific Countries</label>
                    <source_model>Magento\Directory\Model\Config\Source\Country</source_model>
                    <can_be_empty>1</can_be_empty>
                    <depends>
                        <field id="isallowspecific">1</field>
                    </depends>
                </field>
                <field id="soap_oca_service_url" translate="label" type="text" sortOrder="500" showInDefault="1" showInWebsite="0" showInStore="0" >
                    <label>URL Api de Seguimiento</label>
                    <comment>TEST:https://webservice.oca.com.ar/epak_tracking_test/oep_trackepak.asmx?wsdl PRODUCCIÓN:https://webservice.oca.com.ar/epak_tracking/Oep_Trackepak.asmx?wsdl</comment>
                </field>
                <field id="soap_oca_elocker_service_url" translate="label" type="text" sortOrder="500" showInDefault="1" showInWebsite="0" showInStore="0" >
                    <label>URL Api de e-Pak</label>
                    <comment>TEST:https://webservice.oca.com.ar/epak_tracking_test/oep_trackepak.asmx?wsdl PRODUCCIÓN:https://webservice.oca.com.ar/epak_tracking/Oep_Trackepak.asmx?wsdl</comment>
                </field>
                <field id="tracking_url" translate="label" type="text" sortOrder="500" showInDefault="1" showInWebsite="1" showInStore="0" >
                    <label>URL Api de Etiquetas</label>
                    <comment>TEST:https://webservice.oca.com.ar/epak_tracking_test/oep_trackepak.asmx?wsdl PRODUCCIÓN:https://webservice.oca.com.ar/epak_tracking/Oep_Trackepak.asmx?wsdl</comment>
                </field>
                <field id="cuit" translate="label" type="text" sortOrder="550" showInDefault="1" showInWebsite="0" showInStore="0" >
                    <label>CUIT</label>
                    <comment>CUIT registrado en OCA en formato ##-########-#.</comment>
                </field>
                <field id="username" translate="label" type="text" sortOrder="600" showInDefault="1" showInWebsite="0" showInStore="0" >
                    <label>Usuario e-Pak</label>
                    <comment>Usuario registrado en OCA e-Pak.</comment>
                </field>
                <field id="password" translate="label" type="password" sortOrder="650" showInDefault="1" showInWebsite="0" showInStore="0" >
                    <label>Contraseña e-Pak</label>
                    <comment>Contraseña del usuario registrado en OCA e-Pak.</comment>
                </field>
                <field id="account" translate="label" type="text" sortOrder="650" showInDefault="1" showInWebsite="0" showInStore="0" >
                    <label>Nro. de Cuenta Corriente</label>
                    <comment>Nro. de Cuenta Corriente provista por OCA al momento de la registración, en formato ######/###".</comment>
                </field>
                <field id="operatory" translate="label" type="text" sortOrder="700" showInDefault="1" showInWebsite="0" showInStore="0" >
                    <label>Operativa</label>
                    <comment>Código de la operativa utilizada para cotizar los envíos.</comment>
                </field>
                <field id="warehouse_address_street" translate="label" type="text" sortOrder="710" showInDefault="1" showInWebsite="0" showInStore="0" >
                    <label>Retiros: Calle y Número</label>
                    <comment>Datos correspondientes al domicilio de retiro por defecto. Se utiliza para la cotización y la creación de los envíos.</comment>
                </field>
                <field id="warehouse_address_zipcode" translate="label" type="text" sortOrder="740" showInDefault="1" showInWebsite="0" showInStore="0" >
                    <label>Retiros: Código Postal</label>
                </field>
                <field id="warehouse_address_city" translate="label" type="text" sortOrder="720" showInDefault="1" showInWebsite="0" showInStore="0" >
                    <label>Retiros: Ciudad</label>
                </field>
                <field id="warehouse_address_region" translate="label" type="select" sortOrder="730" showInDefault="1" showInWebsite="0" showInStore="0" >
                    <label>Retiros: Provincia</label>
                    <source_model>Oca\TrackEPak\Model\Config\Source\Regions</source_model>
                </field>
                <field id="time_for_reception" translate="label" type="select" sortOrder="850" showInDefault="1" showInWebsite="1" showInStore="0">
                    <label>Franja horaria de retiro:</label>
                    <source_model>Oca\TrackEPak\Model\Config\Source\TimeTable</source_model>
                </field>
                <field id="sort_order" translate="label" type="text" sortOrder="850" showInDefault="1" showInWebsite="1" showInStore="0">
                    <label>Sort Order</label>
                </field>
            </group>
        </section>
    </system>
</config>
