<?xml version="1.0"?>
<schema xmlns:xsi="http://www.w3.org/2001/XMLSchema-instance" xsi:noNamespaceSchemaLocation="urn:magento:framework:Setup/Declaration/Schema/etc/schema.xsd">
    <table name="oca_track_epak_operatory">
        <column xsi:type="int" name="entity_id" padding="10" unsigned="true" nullable="false" identity="true" comment="Entity ID"/>
        <column xsi:type="int" name="code" padding="11" unsigned="false" nullable="false" identity="false" comment="OCA Code"/>
        <column xsi:type="int" name="cost_center_id" padding="11" unsigned="false" nullable="false" identity="false" comment="Cost Center Code"/>
        <column xsi:type="int" name="default_branch_id" padding="11" unsigned="false" nullable="true" identity="false" comment="Default branch ID"/>
        <column xsi:type="varchar" name="cost_center_description" nullable="true" length="255" comment="Cost Center Description"/>
        <column xsi:type="varchar" name="default_branch_postal_code" nullable="true" length="255" comment="Default Branch postal code"/>
        <column xsi:type="varchar" name="default_branch_description" nullable="true" length="255" comment="Default Branch description"/>
        <column xsi:type="varchar" name="name" nullable="true" length="255" comment="Method Name"/>
        <column xsi:type="varchar" name="checkout_description" nullable="true" length="255" comment="Method checkout description"/>
        <column xsi:type="smallint" name="status" padding="2" unsigned="true" nullable="false" identity="false" default="0" comment="Status"/>
        <column xsi:type="smallint" name="is_insurance" padding="2" unsigned="true" nullable="false" identity="false" default="0" comment="Is Insurance"/>
        <column xsi:type="smallint" name="is_default" padding="2" unsigned="true" nullable="false" identity="false" default="0" comment="Is Default"/>
        <column xsi:type="smallint" name="type" padding="2" unsigned="true" nullable="false" identity="false" default="0" comment="Operatory Type \n1:D2D \n2:B2D \n3:D2B \n4:B2B"/>
        <column xsi:type="datetime" name="created_at" on_update="false" nullable="false" default="CURRENT_TIMESTAMP" comment="Created at"/>
        <column xsi:type="datetime" name="updated_at" on_update="true" nullable="false" default="CURRENT_TIMESTAMP" comment="Updated at"/>
        <constraint xsi:type="primary" referenceId="PRIMARY">
            <column name="entity_id"/>
        </constraint>
        <constraint xsi:type="unique" referenceId="OCA_TRACK_EPAK_OPERATORY_CODE">
            <column name="code"/>
        </constraint>
    </table>
    
    <table name="oca_track_epak_shipping">
        <column xsi:type="int" name="entity_id" padding="10" unsigned="true" nullable="false" identity="true" comment="Entity ID"/>
        <column xsi:type="int" name="order_id" padding="11" unsigned="false" nullable="false" identity="false" comment="Order ID" />
        <column xsi:type="int" name="shipment_id" padding="11" unsigned="false" nullable="true" identity="false" comment="Shipment ID" />
        <column xsi:type="int" name="shipping_origin_address_id" padding="11" unsigned="false" nullable="true" identity="false" comment="Shipping Address ID Origin" />
        <column xsi:type="int" name="cost_center_id" padding="11" unsigned="false" nullable="false" identity="false" comment="Cost Center Code"/>
        <column xsi:type="varchar" name="cost_center_description" nullable="true" length="255" comment="Cost Center Description"/>
        <column xsi:type="varchar" name="shipping_origin_branch_postcode" length="255" nullable="true" comment="Shipping Address Origin Branch Post Code" />
        <column xsi:type="varchar" name="increment_id" length="255" nullable="true" comment="Increment ID" />
        <column xsi:type="varchar" name="operatory_id" length="255" nullable="true" comment="Operatory ID" />
        <column xsi:type="varchar" name="shipping_epak_id" length="255" nullable="true" comment="Shipping Epak ID" />
        <column xsi:type="varchar" name="shipping_epak_withdrawal_id" length="255" nullable="true" comment="Shipping Epak Whitdrawal ID" />
        <column xsi:type="varchar" name="operatory_description" nullable="false" length="255" comment="Operatory"/>
        <column xsi:type="varchar" name="origin_address" nullable="true" length="255" comment="Origin"/>
        <column xsi:type="varchar" name="warehouse_street_and_number" nullable="true" length="255" comment="Street and Number"/>
        <column xsi:type="varchar" name="warehouse_city" nullable="true" length="255" comment="City"/>
        <column xsi:type="varchar" name="warehouse_region" nullable="true" length="255" comment="Region"/>
        <column xsi:type="varchar" name="warehouse_postal_code" nullable="true" length="255" comment="Postal Code"/>
        <column xsi:type="int" name="packages_number" padding="11" unsigned="false" nullable="true" identity="false" comment="Packages number" />
        <column xsi:type="datetime" name="created_at" on_update="false" nullable="false" default="CURRENT_TIMESTAMP" comment="Created at"/>
        <constraint xsi:type="primary" referenceId="PRIMARY">
            <column name="entity_id"/>
        </constraint>
        <constraint xsi:type="unique" referenceId="OCA_EPAK_SHIPPING_ORDER_ID">
            <column name="order_id"/>
        </constraint>
    </table>

    <table name="quote">
        <column xsi:type="smallint" name="oca_shipping_type" padding="2" unsigned="true" nullable="true" identity="false" comment="1:D2D \n2:B2D \n3:D2B \n4:B2B"/>
        <column xsi:type="text" name="oca_shipping_data" nullable="true" comment="OCA Shipping Data"/>
    </table>
    <table name="sales_order">
        <column xsi:type="smallint" name="oca_shipping_type" padding="2" unsigned="true" nullable="true" identity="false" comment="1:D2D \n2:B2D \n3:D2B \n4:B2B"/>
        <column xsi:type="text" name="oca_shipping_data" nullable="true" comment="OCA Shipping Data"/>
    </table>
</schema>