{
    "oca_track_epak_operatory": {
        "column": {
            "entity_id": true,
            "code": true,
            "name": true,
            "status": true,
            "is_insurance": true,
            "is_default": true,
            "type": true,
            "created_at": true,
            "cost_center_id": true,
            "updated_at": true
        },
        "constraint": {
            "PRIMARY": true,
            "OCA_TRACK_EPAK_OPERATORY_CODE": true
        }
    },
    "oca_track_epak_branch": {
        "column": {
            "entity_id": true,
            "code": true,
            "name": true,
            "description": true,
            "address_street": true,
            "address_number": true,
            "locality": true,
            "zipcode": true,
            "status": true,
            "created_at": true,
            "updated_at": true
        },
        "constraint": {
            "PRIMARY": true,
            "OCA_TRACK_EPAK_BRANCH_CODE": true
        }
    }
}