<?xml version="1.0"?>
<config xmlns:xsi="http://www.w3.org/2001/XMLSchema-instance" xsi:noNamespaceSchemaLocation="urn:magento:framework:ObjectManager/etc/config.xsd">
    <!-- #Start Declare XML for Request History -->
    <virtualType name="RequestHistoryGridFilterPool" type="Magento\Framework\View\Element\UiComponent\DataProvider\FilterPool">
        <arguments>
            <argument name="appliers" xsi:type="array">
                <item name="regular" xsi:type="object">Magento\Framework\View\Element\UiComponent\DataProvider\RegularFilter</item>
                <item name="fulltext" xsi:type="object">Magento\Framework\View\Element\UiComponent\DataProvider\FulltextFilter</item>
            </argument>
        </arguments>
    </virtualType>
    <virtualType name="RequestHistoryGridDataProvider" type="Magento\Framework\View\Element\UiComponent\DataProvider\DataProvider">
        <arguments>
            <argument name="collection" xsi:type="object" shared="false">Oca\TrackEPak\Model\Resource\Collection</argument>
            <argument name="filterPool" xsi:type="object" shared="false">RequestHistoryGridFilterPool</argument>
        </arguments>
    </virtualType>
    <virtualType name="Oca\TrackEPak\Model\ResourceModel\Data\Grid\Collection" type="Magento\Framework\View\Element\UiComponent\DataProvider\SearchResult">
        <arguments>
            <argument name="mainTable" xsi:type="string">oca_track_epak_request_history</argument>
            <argument name="resourceModel" xsi:type="string">Oca\TrackEPak\Model\ResourceModel\RequestHistory</argument>
        </arguments>
    </virtualType>
    <type name="Magento\Framework\View\Element\UiComponent\DataProvider\CollectionFactory">
        <arguments>
            <argument name="collections" xsi:type="array">
                <item name="oca_track_epak_request_history_listing_data_source" xsi:type="string">Oca\TrackEPak\Model\ResourceModel\Data\Grid\Collection</item>
            </argument>
        </arguments>
    </type>
    <preference for="Oca\TrackEPak\Api\Data\RequestHistoryInterface" type="Oca\TrackEPak\Model\RequestHistory"/>
    <preference for="Oca\TrackEPak\Api\RequestHistoryRepositoryInterface" type="Oca\TrackEPak\Model\RequestHistoryRepository"/>
    
    <!-- #Start Declare XML for Operatory -->
    <virtualType name="OperatoryGridFilterPool" type="Magento\Framework\View\Element\UiComponent\DataProvider\FilterPool">
        <arguments>
            <argument name="appliers" xsi:type="array">
                <item name="regular" xsi:type="object">Magento\Framework\View\Element\UiComponent\DataProvider\RegularFilter</item>
                <item name="fulltext" xsi:type="object">Magento\Framework\View\Element\UiComponent\DataProvider\FulltextFilter</item>
            </argument>
        </arguments>
    </virtualType>
    <virtualType name="OperatoryGridDataProvider" type="Magento\Framework\View\Element\UiComponent\DataProvider\DataProvider">
        <arguments>
            <argument name="collection" xsi:type="object" shared="false">Oca\TrackEPak\Model\Resource\Collection</argument>
            <argument name="filterPool" xsi:type="object" shared="false">OperatoryGridFilterPool</argument>
        </arguments>
    </virtualType>

    <virtualType name="Oca\TrackEPak\Model\ResourceModel\Operatory\Grid\Collection" type="Magento\Framework\View\Element\UiComponent\DataProvider\SearchResult">
        <arguments>
            <argument name="mainTable" xsi:type="string">oca_track_epak_operatory</argument>
            <argument name="resourceModel" xsi:type="string">Oca\TrackEPak\Model\ResourceModel\Operatory</argument>
        </arguments>
    </virtualType>
    <type name="Magento\Framework\View\Element\UiComponent\DataProvider\CollectionFactory">
        <arguments>
            <argument name="collections" xsi:type="array">
                <item name="oca_track_epak_manage_operatory_listing_data_source" xsi:type="string">Oca\TrackEPak\Model\ResourceModel\Operatory\Grid\Collection</item>
            </argument>
        </arguments>
    </type>

    <preference for="Oca\TrackEPak\Api\Data\OperatoryInterface" type="Oca\TrackEPak\Model\Operatory"/>
    <preference for="Oca\TrackEPak\Api\OperatoryRepositoryInterface" type="Oca\TrackEPak\Model\OperatoryRepository"/>

    <!-- #Start Declare XML for Epak Shipping -->
    <virtualType name="Oca\TrackEPak\Model\ResourceModel\EpakShipping\Grid\Collection" type="Magento\Framework\View\Element\UiComponent\DataProvider\SearchResult">
        <arguments>
            <argument name="mainTable" xsi:type="string">oca_track_epak_shipping</argument>
            <argument name="resourceModel" xsi:type="string">Oca\TrackEPak\Model\ResourceModel\EpakShipping</argument>
        </arguments>
    </virtualType>
    <type name="Magento\Framework\View\Element\UiComponent\DataProvider\CollectionFactory">
        <arguments>
            <argument name="collections" xsi:type="array">
                <item name="oca_track_epak_shipping_listing_data_source" xsi:type="string">Oca\TrackEPak\Model\ResourceModel\EpakShipping\Grid\Collection</item>
            </argument>
        </arguments>
    </type>

    <preference for="Oca\TrackEPak\Api\Data\EpakShippingInterface" type="Oca\TrackEPak\Model\EpakShipping"/>
    <preference for="Oca\TrackEPak\Api\EpakShippingRepositoryInterface" type="Oca\TrackEPak\Model\EpakShippingRepository"/>

    <!-- #Start Declare XML for external logger -->
    <type name="Oca\TrackEPak\Logger\Handler">
        <arguments>
            <argument name="filesystem" xsi:type="object">Magento\Framework\Filesystem\Driver\File</argument>
        </arguments>
    </type>
    <type name="Oca\TrackEPak\Logger\Logger">
        <arguments>
            <argument name="name" xsi:type="string">TrackEPakLogger</argument>
            <argument name="handlers" xsi:type="array">
                <item name="system" xsi:type="object">Oca\TrackEPak\Logger\Handler</item>
            </argument>
        </arguments>
    </type>
    <!-- #END Declare XML for external logger -->

    <!-- Plugins -->
    <type name="Magento\Checkout\Model\ShippingInformationManagement">
        <plugin name="oca_trackepak_magento_checkout_model_shippinginformationmanagement" type="Oca\TrackEPak\Plugin\Magento\Checkout\Model\ShippingInformationManagement" />
    </type>
    <type name="Magento\Sales\Controller\Adminhtml\Shipment\View">
        <plugin name="oca_trackepak_magento_sales_controller_adminhtml_shipment_view" type="Oca\TrackEPak\Plugin\Magento\Sales\Controller\Adminhtml\Shipment\View"/>
    </type>
    <type name="Magento\Shipping\Block\Adminhtml\View">
        <plugin name="oca_trackepak_magento_shipping_block_adminhtml_view" type="Oca\TrackEPak\Plugin\Magento\Shipping\Block\Adminhtml\View"/>
    </type>
</config>
