<?xml version="1.0" encoding="UTF-8"?>
<config xmlns:xsi="http://www.w3.org/2001/XMLSchema-instance" xsi:noNamespaceSchemaLocation="urn:magento:framework:Event/etc/events.xsd">
	<event name="sales_model_service_quote_submit_before">
		<observer name="oca_trackepak_sales_model_service_quote_submit_before" instance="Oca\TrackEPak\Observer\QuoteSubmitBefore" />
	</event>
	<event name="checkout_submit_all_after">
		<observer name="oca_trackepak_checkout_submit_all_after_observer" instance="Oca\TrackEPak\Observer\SalesOrderSuccessObserver" />
	</event>
    <event name="controller_action_predispatch_catalog_product_index">
        <observer name="validate_all_product_dimensions" instance="Oca\TrackEPak\Observer\ValidateAllProductDimensions"/>
    </event>
    <event name="controller_action_predispatch_sales_order_index">
        <observer name="validate_all_product_dimensions" instance="Oca\TrackEPak\Observer\ValidateAllProductDimensions"/>
    </event>
    <event name="controller_action_predispatch_adminhtml_dashboard_index">
        <observer name="validate_all_product_dimensions" instance="Oca\TrackEPak\Observer\ValidateAllProductDimensions"/>
    </event>
    <event name="catalog_product_save_before">
        <observer name="validate_product_dimensions_on_save" instance="Oca\TrackEPak\Observer\ValidateProductDimensionsOnSave"/>
    </event>
</config>
